transaction_id,customer_name,city,merchant,device,amount,status
T1,Adweta Chana,Jaipur,Flipkart,Tablet,75092.67,Fraud
T2,Peter Thakur,Delhi,Amazon,Mobile,43646.36,Normal
T3,Upkaar Oak,Delhi,Swiggy,Mobile,33504.04,Normal
T4,Ekantika Borra,Delhi,ATM,Laptop,45502.55,Normal
T5,George Naik,Bangalore,Zomato,Tablet,25388.42,Normal
T6,Aadi Kumar,Delhi,Uber,Laptop,81288.29,Fraud
T7,Elijah Chakraborty,Pune,Swiggy,Mobile,85747.45,Fraud
T8,Finn Wason,Chennai,Swiggy,Mobile,72195.99,Fraud
T9,Jason Gulati,Pune,Amazon,Tablet,10736.81,Normal
T10,Nathan Jani,Bangalore,Swiggy,Mobile,47237.51,Normal
T11,Radha Goyal,Mumbai,Zomato,Tablet,65593.1,Fraud
T12,Pratyush Oza,Mumbai,Zomato,Tablet,83150.8,Fraud
T13,Brijesh Chatterjee,Chennai,Swiggy,Mobile,60877.37,Fraud
T14,Aryan Shan,Mumbai,Uber,Mobile,97046.68,Fraud
T15,Yashodhara Lall,Hyderabad,Amazon,Laptop,5796.17,Normal
T16,Indrajit Chauhan,Chennai,Zomato,Mobile,26705.39,Normal
T17,Rayaan Reddy,Chennai,Flipkart,Tablet,66970.58,Fraud
T18,Victor Kakar,Pune,Zomato,Tablet,98663.27,Fraud
T19,Joshua Parmar,Delhi,Zomato,Laptop,46642.89,Normal
T20,Sara Ratti,Pune,Flipkart,Tablet,26861.63,Normal
T21,Anita Khurana,Bangalore,Uber,Tablet,24214.72,Normal
T22,Dakshesh Babu,Chennai,Flipkart,Laptop,36805.65,Normal
T23,Upkaar Minhas,Jaipur,Flipkart,Mobile,62715.96,Fraud
T24,Yochana Bava,Mumbai,ATM,Laptop,7611.39,Normal
T25,Turvi Rajan,Mumbai,Uber,Laptop,37764.0,Normal
T26,Manya Thakkar,Chennai,Flipkart,Mobile,96674.5,Fraud
T27,Bhavini Chana,Pune,Zomato,Mobile,55216.49,Fraud
T28,Ranveer Merchant,Delhi,Amazon,Tablet,95736.33,Fraud
T29,Amaira Balan,Jaipur,Paytm,Mobile,57919.21,Fraud
T30,Ekapad Sastry,Chennai,Swiggy,Mobile,90259.46,Fraud
T31,Yamini Dutta,Hyderabad,Zomato,Mobile,23041.88,Normal
T32,William Rana,Hyderabad,Zomato,Tablet,91184.41,Fraud
T33,Darpan Oak,Chennai,ATM,Tablet,63727.36,Fraud
T34,Wazir Dora,Pune,Zomato,Laptop,8264.07,Normal
T35,Rajeshri Basu,Delhi,ATM,Mobile,35451.83,Normal
T36,Yochana Prakash,Hyderabad,Zomato,Tablet,23395.84,Normal
T37,Yash Swaminathan,Bangalore,Paytm,Tablet,7168.69,Normal
T38,Omya Taneja,Chennai,ATM,Laptop,41195.43,Normal
T39,Xavier Gera,Hyderabad,Zomato,Tablet,45866.77,Normal
T40,Harshil Varty,Pune,Amazon,Laptop,13769.12,Normal
T41,Madhav Vohra,Jaipur,Amazon,Laptop,99915.48,Fraud
T42,Aachal Chacko,Bangalore,ATM,Mobile,73972.58,Fraud
T43,Raghav Chhabra,Pune,Paytm,Tablet,96842.35,Fraud
T44,Riya Kara,Mumbai,Amazon,Laptop,82438.94,Fraud
T45,Onkar Banik,Pune,Zomato,Mobile,97415.23,Fraud
T46,Jalsa Halder,Delhi,Zomato,Tablet,23134.11,Normal
T47,Abhimanyu Behl,Pune,ATM,Mobile,44531.64,Normal
T48,Bhavika Kara,Jaipur,Flipkart,Laptop,297.03,Normal
T49,Anamika Rao,Jaipur,Amazon,Laptop,55243.01,Fraud
T50,Watika Doctor,Mumbai,Amazon,Tablet,92614.06,Fraud
T51,Gautam Garg,Jaipur,ATM,Tablet,9705.75,Normal
T52,Vivaan Ratti,Pune,Swiggy,Laptop,68891.07,Fraud
T53,Yasti Luthra,Pune,Uber,Laptop,49849.0,Normal
T54,Parth Narayan,Chennai,Paytm,Tablet,59496.43,Fraud
T55,Nisha Dhingra,Delhi,Swiggy,Mobile,52489.09,Fraud
T56,Maya Mann,Hyderabad,ATM,Tablet,45457.29,Normal
T57,Garima Tak,Bangalore,Swiggy,Laptop,62440.84,Fraud
T58,Zehaan Mand,Chennai,Paytm,Mobile,58620.46,Fraud
T59,Lila Mohan,Bangalore,Swiggy,Laptop,93593.97,Fraud
T60,Ikbal Loke,Delhi,Amazon,Tablet,15867.25,Normal
T61,Ranbir Buch,Pune,Uber,Laptop,92829.2,Fraud
T62,Neha Swamy,Delhi,ATM,Mobile,49951.76,Normal
T63,Rachana Venkatesh,Mumbai,Swiggy,Tablet,22350.29,Normal
T64,Hitesh Sangha,Hyderabad,Zomato,Tablet,99790.7,Fraud
T65,Ojasvi Talwar,Bangalore,Zomato,Tablet,86631.64,Fraud
T66,Veda Gade,Bangalore,Swiggy,Laptop,47826.99,Normal
T67,Tanay Bajwa,Chennai,Zomato,Laptop,61640.41,Fraud
T68,Wazir Babu,Delhi,Flipkart,Tablet,71155.98,Fraud
T69,Ekaja Basak,Bangalore,Amazon,Tablet,77859.94,Fraud
T70,Finn Joshi,Jaipur,Paytm,Laptop,97486.62,Fraud
T71,Siddharth Narain,Hyderabad,Flipkart,Mobile,47017.92,Normal
T72,Kai Dua,Pune,Zomato,Laptop,60759.23,Fraud
T73,Mohammed Sur,Delhi,Paytm,Laptop,36715.39,Normal
T74,Irya Patla,Chennai,Swiggy,Tablet,11895.53,Normal
T75,Yauvani Balan,Delhi,ATM,Tablet,63738.91,Fraud
T76,Jairaj Garde,Hyderabad,Amazon,Mobile,35616.69,Normal
T77,Kashish Sinha,Chennai,Amazon,Laptop,40584.94,Normal
T78,Inaya Dixit,Mumbai,Amazon,Mobile,17606.56,Normal
T79,Dakshesh Dara,Mumbai,ATM,Mobile,33678.1,Normal
T80,Anika Basak,Delhi,Zomato,Laptop,90475.46,Fraud
T81,Nicholas Dixit,Chennai,ATM,Tablet,51105.06,Fraud
T82,Kalpit Ramanathan,Chennai,Swiggy,Laptop,10660.11,Normal
T83,Jagrati Narayanan,Bangalore,Paytm,Mobile,53004.01,Fraud
T84,Daniel Patla,Pune,Paytm,Mobile,14989.88,Normal
T85,Watika Dutta,Chennai,Swiggy,Mobile,22002.73,Normal
T86,Aashi Hari,Mumbai,ATM,Laptop,83283.82,Fraud
T87,Thomas Mohanty,Jaipur,Swiggy,Tablet,45584.57,Normal
T88,Keya Kapur,Chennai,Uber,Tablet,62715.15,Fraud
T89,Shivani Nori,Mumbai,Amazon,Mobile,72374.39,Fraud
T90,Advaith Agate,Pune,Uber,Mobile,29294.99,Normal
T91,Nandini Manda,Chennai,Paytm,Laptop,86334.45,Fraud
T92,Ekanta Rege,Delhi,Swiggy,Tablet,30349.48,Normal
T93,Yoshita Gole,Delhi,Paytm,Laptop,70669.39,Fraud
T94,Zarna Madan,Mumbai,Paytm,Tablet,60299.67,Fraud
T95,Qadim Menon,Hyderabad,Swiggy,Laptop,71139.63,Fraud
T96,Yashodhara Dass,Pune,ATM,Tablet,25289.0,Normal
T97,Manya Arora,Jaipur,Flipkart,Mobile,43841.69,Normal
T98,Yashodhara Sengupta,Chennai,Swiggy,Laptop,80097.46,Fraud
T99,Zehaan Mishra,Bangalore,Swiggy,Mobile,32370.81,Normal
T100,Damini Gaba,Mumbai,Amazon,Laptop,52293.13,Fraud
T101,Faqid Prabhu,Hyderabad,Paytm,Laptop,94532.92,Fraud
T102,Rayaan Shukla,Hyderabad,Flipkart,Tablet,37527.49,Normal
T103,Hemani Kant,Mumbai,Swiggy,Tablet,68633.53,Fraud
T104,Veda Khosla,Bangalore,Paytm,Laptop,97902.55,Fraud
T105,Nidra Dhingra,Bangalore,Amazon,Mobile,2094.17,Normal
T106,Jackson Sandal,Pune,Amazon,Mobile,94308.1,Fraud
T107,Advik Keer,Chennai,Amazon,Laptop,9169.44,Normal
T108,Yauvani Khare,Pune,Amazon,Mobile,73339.67,Fraud
T109,Finn Date,Bangalore,Flipkart,Mobile,34558.94,Normal
T110,Vincent Mane,Mumbai,ATM,Mobile,39693.9,Normal
T111,Tanish Sahota,Chennai,Paytm,Tablet,53194.99,Fraud
T112,Udant Cheema,Bangalore,Flipkart,Tablet,6446.12,Normal
T113,Tejas Jani,Jaipur,Paytm,Tablet,26756.97,Normal
T114,Ikbal Dubey,Delhi,Zomato,Mobile,49450.38,Normal
T115,Jeet Sangha,Pune,Swiggy,Laptop,58640.64,Fraud
T116,Gavin Trivedi,Hyderabad,Paytm,Tablet,91476.07,Fraud
T117,Meghana Tiwari,Jaipur,Uber,Laptop,8130.29,Normal
T118,Viraj Badal,Delhi,Amazon,Tablet,7654.78,Normal
T119,Ishani Rajagopalan,Mumbai,Swiggy,Mobile,75510.01,Fraud
T120,Pushti Peri,Hyderabad,Zomato,Tablet,70341.12,Fraud
T121,Siya Sane,Jaipur,ATM,Laptop,69856.86,Fraud
T122,Unnati Bhagat,Jaipur,Zomato,Tablet,52298.91,Fraud
T123,Ayush Bakshi,Delhi,Paytm,Mobile,35738.85,Normal
T124,Gaurang Lata,Hyderabad,Zomato,Tablet,15575.25,Normal
T125,Libni Maharaj,Mumbai,Zomato,Tablet,97761.95,Fraud
T126,Fariq Dasgupta,Chennai,Paytm,Mobile,52073.25,Fraud
T127,Baljiwan Deshmukh,Pune,Paytm,Mobile,85570.66,Fraud
T128,Benjamin Soman,Mumbai,Amazon,Laptop,91368.6,Fraud
T129,Oscar Saran,Chennai,Zomato,Tablet,37118.14,Normal
T130,Balveer Mukherjee,Pune,ATM,Laptop,8535.22,Normal
T131,Yashodhara Nadkarni,Hyderabad,ATM,Laptop,90820.23,Fraud
T132,Unni Sehgal,Jaipur,Uber,Laptop,42968.45,Normal
T133,Dipta Tara,Hyderabad,ATM,Laptop,3741.21,Normal
T134,Ayushman Dixit,Delhi,Flipkart,Tablet,17235.65,Normal
T135,Warhi Srinivas,Chennai,Paytm,Tablet,62337.78,Fraud
T136,Ekanta Iyengar,Mumbai,Flipkart,Mobile,4846.2,Normal
T137,Sara Devan,Pune,ATM,Mobile,90649.1,Fraud
T138,Abhimanyu Magar,Pune,Zomato,Mobile,92109.96,Fraud
T139,Oni Chada,Delhi,Flipkart,Laptop,94512.9,Fraud
T140,Girish Bahri,Mumbai,Paytm,Tablet,80021.27,Fraud
T141,Yasti Dixit,Pune,Amazon,Mobile,51642.91,Fraud
T142,Zayyan Thakkar,Delhi,Zomato,Tablet,22985.87,Normal
T143,Zinal Nori,Hyderabad,ATM,Tablet,64943.89,Fraud
T144,Dominic Oak,Mumbai,Flipkart,Tablet,79112.14,Fraud
T145,Ridhi Rana,Mumbai,Flipkart,Mobile,31152.42,Normal
T146,Chandresh Virk,Bangalore,Zomato,Mobile,53446.31,Fraud
T147,Arjun Acharya,Jaipur,Uber,Laptop,21112.65,Normal
T148,Avni Manne,Pune,Zomato,Tablet,47121.81,Normal
T149,Kashvi Baria,Jaipur,Amazon,Mobile,56210.27,Fraud
T150,Reyansh Yogi,Pune,ATM,Tablet,1631.67,Normal
T151,Harita Tara,Jaipur,Flipkart,Tablet,25515.46,Normal
T152,Ranveer Rege,Chennai,Uber,Laptop,76205.27,Fraud
T153,Nandini Goswami,Delhi,Zomato,Laptop,80710.83,Fraud
T154,Aarav Badami,Delhi,Swiggy,Tablet,89360.3,Fraud
T155,Jacob Toor,Chennai,Uber,Mobile,14805.72,Normal
T156,Zehaan Tailor,Chennai,Swiggy,Laptop,69409.38,Fraud
T157,Kiaan Sathe,Jaipur,Zomato,Laptop,75298.84,Fraud
T158,Ronith Nagarajan,Pune,ATM,Tablet,20297.99,Normal
T159,Mahika Bhatia,Jaipur,Paytm,Tablet,94802.55,Fraud
T160,Ranbir Bajaj,Bangalore,Flipkart,Laptop,11910.01,Normal
T161,Qadim Jha,Jaipur,Uber,Laptop,72544.54,Fraud
T162,Girik Minhas,Chennai,Uber,Laptop,80542.4,Fraud
T163,Isha Sarma,Jaipur,Flipkart,Tablet,99699.9,Fraud
T164,Naksh Varty,Hyderabad,ATM,Tablet,13208.43,Normal
T165,Vanya Deshmukh,Delhi,Zomato,Tablet,32037.55,Normal
T166,Peter Agate,Jaipur,Swiggy,Mobile,19132.24,Normal
T167,Vrishti Gupta,Delhi,Flipkart,Laptop,96799.03,Fraud
T168,Tamanna Desai,Pune,Zomato,Tablet,87047.36,Fraud
T169,Vinaya Kashyap,Mumbai,Amazon,Tablet,34122.3,Normal
T170,Christopher Srivastava,Jaipur,Paytm,Tablet,29662.57,Normal
T171,Kevin Bhargava,Jaipur,Amazon,Tablet,51035.74,Fraud
T172,Atharv Saxena,Bangalore,Uber,Laptop,94261.03,Fraud
T173,Brinda Natarajan,Pune,Uber,Mobile,21043.31,Normal
T174,Ishanvi Bansal,Chennai,Flipkart,Laptop,92251.97,Fraud
T175,Imaran Savant,Bangalore,Swiggy,Tablet,5681.32,Normal
T176,Sneha Mann,Hyderabad,Uber,Tablet,93091.8,Fraud
T177,Gauri Narula,Pune,Amazon,Tablet,31558.35,Normal
T178,Ayaan Balan,Delhi,Flipkart,Mobile,74005.19,Fraud
T179,Yashica Radhakrishnan,Chennai,Amazon,Mobile,79438.25,Fraud
T180,Chakradev Saran,Bangalore,ATM,Laptop,73355.31,Fraud
T181,Reyansh Sarkar,Delhi,Zomato,Mobile,17313.21,Normal
T182,Anita Bhatia,Pune,Paytm,Mobile,35092.46,Normal
T183,Jai Varty,Mumbai,Flipkart,Laptop,38238.22,Normal
T184,Lajita Mitra,Pune,Swiggy,Tablet,61984.88,Fraud
T185,Damini Sawhney,Jaipur,Paytm,Laptop,90545.8,Fraud
T186,Vanya Dutta,Bangalore,ATM,Tablet,91720.8,Fraud
T187,Anmol Krishnan,Hyderabad,Uber,Laptop,7073.98,Normal
T188,Ridhi Agate,Chennai,Uber,Tablet,19294.41,Normal
T189,Aradhana Dutt,Delhi,Uber,Mobile,31730.63,Normal
T190,Elijah Chandra,Mumbai,Swiggy,Mobile,28887.97,Normal
T191,Joshua Barad,Jaipur,ATM,Laptop,97780.43,Fraud
T192,Manthan Verma,Hyderabad,Zomato,Mobile,38706.72,Normal
T193,Jonathan Shukla,Delhi,Uber,Tablet,64955.96,Fraud
T194,Indali Suri,Pune,Amazon,Laptop,95602.33,Fraud
T195,Anmol Raval,Jaipur,Paytm,Laptop,29017.77,Normal
T196,Ayaan Keer,Delhi,Uber,Mobile,81223.78,Fraud
T197,Irya Sagar,Delhi,Amazon,Tablet,62158.33,Fraud
T198,Advik Joshi,Jaipur,Paytm,Mobile,50061.19,Fraud
T199,Yochana Suri,Mumbai,Paytm,Laptop,20044.31,Normal
T200,Yochana Johal,Jaipur,Paytm,Mobile,51203.76,Fraud
T201,Unnati Kara,Mumbai,ATM,Mobile,41799.43,Normal
T202,Patrick Bhatnagar,Chennai,Paytm,Tablet,66101.8,Fraud
T203,Qabil Thaman,Delhi,Swiggy,Laptop,41394.98,Normal
T204,Geetika Chakraborty,Pune,Flipkart,Tablet,53612.05,Fraud
T205,Neelima Bedi,Delhi,ATM,Mobile,16887.66,Normal
T206,Hardik Datta,Bangalore,Uber,Tablet,30077.02,Normal
T207,Upasna Tailor,Jaipur,Zomato,Tablet,47403.28,Normal
T208,Mohammed Keer,Bangalore,Swiggy,Laptop,33350.44,Normal
T209,Ojasvi Andra,Bangalore,Zomato,Mobile,7948.04,Normal
T210,Tanish Sridhar,Pune,Swiggy,Mobile,15054.18,Normal
T211,Omisha Dugar,Bangalore,Swiggy,Tablet,34416.69,Normal
T212,Ikshita Sahota,Delhi,Paytm,Tablet,74629.91,Fraud
T213,Siddharth Anne,Pune,Paytm,Mobile,80463.58,Fraud
T214,Chaman Dada,Hyderabad,Zomato,Mobile,23127.54,Normal
T215,Rayaan Lala,Mumbai,Paytm,Mobile,88604.61,Fraud
T216,Mahika Srinivasan,Jaipur,Amazon,Tablet,90388.75,Fraud
T217,Bhavya Varkey,Bangalore,ATM,Tablet,35861.3,Normal
T218,Vedhika Bala,Pune,Swiggy,Mobile,6139.25,Normal
T219,Yatan Chaudhary,Pune,Flipkart,Tablet,14410.15,Normal
T220,Nikita Varty,Bangalore,Swiggy,Tablet,10825.17,Normal
T221,Pranav Swaminathan,Bangalore,Zomato,Mobile,10032.41,Normal
T222,Nilima Bawa,Pune,Uber,Mobile,73376.48,Fraud
T223,Bakhshi Bhat,Jaipur,Uber,Mobile,1156.12,Normal
T224,Abhiram Mani,Delhi,Uber,Laptop,42781.87,Normal
T225,Vyanjana Buch,Bangalore,Flipkart,Mobile,40474.99,Normal
T226,Faraj Arya,Pune,ATM,Mobile,52030.45,Fraud
T227,Geetika Hayre,Chennai,Flipkart,Laptop,35535.25,Normal
T228,Yashoda Das,Hyderabad,Paytm,Tablet,73453.82,Fraud
T229,Aishani Bora,Hyderabad,Uber,Laptop,76138.59,Fraud
T230,Anita Nair,Chennai,Flipkart,Mobile,23639.46,Normal
T231,Eta Viswanathan,Chennai,Flipkart,Mobile,86255.92,Fraud
T232,Ekta Sen,Jaipur,Swiggy,Tablet,81670.62,Fraud
T233,Luke Nadig,Jaipur,Swiggy,Mobile,56318.69,Fraud
T234,Avi Nigam,Chennai,Paytm,Mobile,78714.69,Fraud
T235,Tarak Thaker,Jaipur,Zomato,Mobile,18631.03,Normal
T236,Aarini Chawla,Chennai,Amazon,Mobile,58779.75,Fraud
T237,Warda Mangal,Jaipur,ATM,Mobile,91638.8,Fraud
T238,Amaira Toor,Chennai,Amazon,Tablet,99315.52,Fraud
T239,Rudra Kala,Hyderabad,Paytm,Laptop,19176.18,Normal
T240,Urishilla Borde,Pune,ATM,Mobile,72606.88,Fraud
T241,Jalsa Doctor,Pune,Amazon,Mobile,86969.25,Fraud
T242,Utkarsh Naik,Jaipur,ATM,Mobile,57301.1,Fraud
T243,Ekantika Bains,Jaipur,Zomato,Mobile,61639.31,Fraud
T244,Andrew Kuruvilla,Delhi,Paytm,Laptop,42529.36,Normal
T245,Vinaya Rastogi,Bangalore,Swiggy,Tablet,73089.77,Fraud
T246,Hema Mangat,Bangalore,Amazon,Laptop,44917.49,Normal
T247,Daniel Batta,Pune,Swiggy,Laptop,52592.7,Fraud
T248,Thomas Shan,Bangalore,Paytm,Mobile,3176.39,Normal
T249,Harshil Sami,Mumbai,Uber,Laptop,64521.43,Fraud
T250,Jagvi Narayanan,Hyderabad,Paytm,Mobile,49678.24,Normal
T251,Xavier Parekh,Chennai,ATM,Mobile,67837.63,Fraud
T252,Gabriel Bains,Mumbai,Paytm,Laptop,36978.61,Normal
T253,Aarna Shankar,Pune,ATM,Tablet,82759.96,Fraud
T254,Ria Borah,Pune,Flipkart,Laptop,90885.11,Fraud
T255,Jatin Shanker,Hyderabad,ATM,Mobile,90497.42,Fraud
T256,Barkha Sarna,Hyderabad,Amazon,Laptop,37315.2,Normal
T257,Madhavi Prashad,Pune,Flipkart,Laptop,70030.38,Fraud
T258,Quincy Sanghvi,Delhi,ATM,Mobile,464.57,Normal
T259,Rohan Radhakrishnan,Mumbai,Paytm,Tablet,99028.76,Fraud
T260,Rishi Mall,Bangalore,ATM,Tablet,49768.51,Normal
T261,Bhavna Bahri,Hyderabad,Paytm,Laptop,51946.56,Fraud
T262,Anirudh Ahluwalia,Delhi,Flipkart,Tablet,64346.47,Fraud
T263,Logan Sinha,Bangalore,Amazon,Tablet,56253.69,Fraud
T264,Anirudh Ramakrishnan,Mumbai,Amazon,Laptop,40268.2,Normal
T265,Widisha Acharya,Jaipur,Paytm,Tablet,16445.38,Normal
T266,Zayan Parikh,Mumbai,Swiggy,Laptop,57151.69,Fraud
T267,Meghana Verma,Delhi,ATM,Tablet,47908.34,Normal
T268,Odika Chahal,Pune,Zomato,Mobile,70091.61,Fraud
T269,Jagdish Uppal,Pune,Swiggy,Mobile,1741.24,Normal
T270,Mahika Ramachandran,Jaipur,ATM,Mobile,44478.8,Normal
T271,Warda Varghese,Pune,Amazon,Tablet,81374.17,Fraud
T272,Kamya Keer,Chennai,Paytm,Tablet,3633.23,Normal
T273,Triveni Manda,Hyderabad,Uber,Tablet,23506.74,Normal
T274,Oviya Biswas,Chennai,Amazon,Tablet,75111.41,Fraud
T275,Balhaar Mannan,Bangalore,Swiggy,Mobile,38341.91,Normal
T276,Simon Lad,Mumbai,Uber,Tablet,6891.48,Normal
T277,Watika Kurian,Chennai,Swiggy,Laptop,75720.95,Fraud
T278,Nimrat Sahota,Pune,Amazon,Laptop,49289.54,Normal
T279,Radhika Mody,Chennai,Zomato,Mobile,96774.78,Fraud
T280,Nimrat Bajaj,Chennai,Uber,Mobile,56646.38,Fraud
T281,Edhitha Sankaran,Jaipur,Uber,Tablet,57926.33,Fraud
T282,Bimala Verma,Mumbai,Swiggy,Tablet,26779.21,Normal
T283,Gabriel Tiwari,Jaipur,Uber,Tablet,26601.07,Normal
T284,Alka Lala,Pune,Zomato,Tablet,37584.28,Normal
T285,Bhavika Ganguly,Pune,Zomato,Mobile,16235.61,Normal
T286,Tejas Arya,Pune,ATM,Mobile,49278.76,Normal
T287,Dominic Wagle,Jaipur,Flipkart,Mobile,24846.8,Normal
T288,Anamika Sabharwal,Chennai,Swiggy,Laptop,34795.23,Normal
T289,Chameli Dhar,Hyderabad,Zomato,Laptop,39681.22,Normal
T290,Hitesh Balay,Chennai,Amazon,Laptop,46269.47,Normal
T291,Anika Sengupta,Jaipur,Amazon,Mobile,26238.17,Normal
T292,Charan Mistry,Jaipur,Swiggy,Laptop,48159.54,Normal
T293,Anika Taneja,Pune,Flipkart,Laptop,6141.78,Normal
T294,Laban Buch,Bangalore,Swiggy,Mobile,82252.46,Fraud
T295,Ishanvi Borah,Bangalore,Uber,Laptop,88212.69,Fraud
T296,Girik Bala,Chennai,Zomato,Laptop,35371.2,Normal
T297,Vasatika Banerjee,Mumbai,Paytm,Laptop,39711.43,Normal
T298,Chanchal Bhatti,Delhi,Uber,Laptop,5976.04,Normal
T299,Divya Merchant,Hyderabad,Uber,Tablet,27816.65,Normal
T300,Ekavir Zacharia,Hyderabad,ATM,Tablet,35612.18,Normal
T301,Agastya Sule,Pune,Flipkart,Tablet,80825.28,Fraud
T302,Gaurika Tata,Pune,ATM,Tablet,77352.22,Fraud
T303,Ubika Raman,Pune,Zomato,Laptop,81872.6,Fraud
T304,Benjamin Gaba,Delhi,ATM,Mobile,28481.38,Normal
T305,Vidhi Basak,Pune,Flipkart,Laptop,41615.44,Normal
T306,Gagan Seth,Mumbai,Amazon,Mobile,32901.75,Normal
T307,Yochana Bhatnagar,Jaipur,Paytm,Laptop,60904.02,Fraud
T308,Nikita Seth,Bangalore,Swiggy,Tablet,36013.86,Normal
T309,Owen Bhatia,Mumbai,ATM,Mobile,26057.38,Normal
T310,Lila Ghosh,Hyderabad,Amazon,Tablet,32303.73,Normal
T311,Januja Mital,Jaipur,Zomato,Tablet,7016.68,Normal
T312,Manya Magar,Delhi,Zomato,Mobile,27714.12,Normal
T313,Charles Madan,Pune,Uber,Tablet,7801.31,Normal
T314,Shravya Sundaram,Delhi,Uber,Mobile,69393.32,Fraud
T315,Dalbir Roy,Chennai,Zomato,Tablet,75531.4,Fraud
T316,Vamakshi Ganesan,Pune,Flipkart,Laptop,59324.48,Fraud
T317,Tanay Bhardwaj,Pune,Zomato,Mobile,3539.4,Normal
T318,Bhavya Nori,Chennai,Flipkart,Mobile,63981.48,Fraud
T319,Charita Oza,Hyderabad,Amazon,Laptop,25549.64,Normal
T320,Riya Chaudhry,Delhi,Amazon,Laptop,14828.9,Normal
T321,Aishani Ravi,Chennai,ATM,Laptop,84719.85,Fraud
T322,Adweta Dasgupta,Mumbai,Swiggy,Tablet,62181.16,Fraud
T323,Zayan Mannan,Pune,Paytm,Tablet,10870.0,Normal
T324,Kamya Saxena,Jaipur,Flipkart,Mobile,7071.51,Normal
T325,Ranveer Chaudry,Pune,Flipkart,Tablet,68856.46,Fraud
T326,Bishakha Baral,Bangalore,ATM,Mobile,56250.44,Fraud
T327,Eshana Wagle,Pune,Amazon,Mobile,26324.19,Normal
T328,Krishna Sekhon,Jaipur,Zomato,Laptop,28461.47,Normal
T329,Yashasvi Tara,Jaipur,Uber,Mobile,20023.88,Normal
T330,Leena Kashyap,Delhi,ATM,Laptop,41587.55,Normal
T331,Gavin Dhillon,Chennai,Flipkart,Tablet,97183.65,Fraud
T332,Zilmil Mannan,Pune,ATM,Mobile,80948.87,Fraud
T333,Daksh Brar,Jaipur,Flipkart,Laptop,81444.26,Fraud
T334,Patrick Lala,Jaipur,Zomato,Laptop,3622.23,Normal
T335,Chameli Devi,Chennai,Paytm,Tablet,83117.36,Fraud
T336,Jai Samra,Mumbai,Amazon,Laptop,26292.86,Normal
T337,Yatan Vasa,Delhi,Amazon,Laptop,8770.18,Normal
T338,Aarna Goda,Jaipur,Uber,Tablet,72844.05,Fraud
T339,Ira Toor,Jaipur,Amazon,Tablet,67453.3,Fraud
T340,Vyanjana Bhagat,Hyderabad,Flipkart,Tablet,10330.22,Normal
T341,Harini Behl,Delhi,Swiggy,Tablet,1453.11,Normal
T342,Lavanya Sarna,Hyderabad,ATM,Laptop,68447.36,Fraud
T343,Viraj Deo,Pune,Zomato,Tablet,58144.34,Fraud
T344,Mugdha Pandya,Pune,Swiggy,Laptop,52607.39,Fraud
T345,Harsh Varghese,Jaipur,Flipkart,Mobile,40980.27,Normal
T346,Adweta Lall,Bangalore,ATM,Laptop,97079.09,Fraud
T347,Eshana Halder,Delhi,Flipkart,Tablet,18282.91,Normal
T348,Bhavna Dutt,Jaipur,Amazon,Laptop,87195.64,Fraud
T349,Jagvi Ghosh,Pune,Zomato,Laptop,72899.38,Fraud
T350,Gaurav Kannan,Hyderabad,Uber,Laptop,22082.11,Normal
T351,Vaishnavi Deshpande,Bangalore,Zomato,Laptop,20274.67,Normal
T352,Krish Mann,Bangalore,ATM,Mobile,26106.03,Normal
T353,Pavani Goel,Jaipur,Flipkart,Tablet,50159.38,Fraud
T354,Wakeeta Hari,Chennai,Flipkart,Tablet,75122.96,Fraud
T355,Azad Bansal,Delhi,ATM,Laptop,66988.06,Fraud
T356,Anjali Warrior,Jaipur,Amazon,Mobile,59558.91,Fraud
T357,Anthony Dutt,Delhi,Amazon,Tablet,1189.96,Normal
T358,Zashil Comar,Jaipur,ATM,Tablet,76682.61,Fraud
T359,Azad Tank,Pune,Swiggy,Mobile,69902.33,Fraud
T360,Eiravati Palla,Bangalore,Flipkart,Mobile,38181.38,Normal
T361,Amrita Morar,Pune,Zomato,Tablet,18959.42,Normal
T362,Akshay Gill,Jaipur,Uber,Laptop,21731.24,Normal
T363,Tripti Bora,Pune,Zomato,Tablet,55228.47,Fraud
T364,Christopher Shah,Bangalore,Uber,Mobile,16540.6,Normal
T365,Dhruv Venkataraman,Pune,Uber,Laptop,56941.62,Fraud
T366,Warhi Som,Mumbai,Paytm,Tablet,26213.99,Normal
T367,Isaac Chawla,Pune,Paytm,Laptop,18137.71,Normal
T368,Jeet Sridhar,Jaipur,Zomato,Tablet,84735.19,Fraud
T369,Xavier Dugal,Pune,Amazon,Tablet,42148.67,Normal
T370,Tanmayi Kunda,Delhi,Swiggy,Mobile,62183.02,Fraud
T371,Falguni Dasgupta,Delhi,ATM,Mobile,24147.9,Normal
T372,Chakradhar Shanker,Delhi,Flipkart,Mobile,79868.11,Fraud
T373,Aradhana Wagle,Delhi,Zomato,Mobile,49406.14,Normal
T374,Chasmum Sankaran,Bangalore,Zomato,Mobile,31770.04,Normal
T375,Jeet Upadhyay,Bangalore,Zomato,Laptop,13744.32,Normal
T376,Gaurika Sridhar,Jaipur,Zomato,Mobile,5225.01,Normal
T377,Anya Baria,Jaipur,Swiggy,Mobile,51529.72,Fraud
T378,Karan Ray,Pune,Uber,Tablet,23533.73,Normal
T379,Tanish Rattan,Delhi,Amazon,Mobile,71660.13,Fraud
T380,Amaira Keer,Delhi,Paytm,Laptop,21098.05,Normal
T381,Finn Kapur,Pune,Amazon,Tablet,56601.54,Fraud
T382,Chandran Ranganathan,Mumbai,Amazon,Tablet,16612.68,Normal
T383,Wahab Khanna,Bangalore,Uber,Tablet,16056.16,Normal
T384,Ikshita Malhotra,Jaipur,Paytm,Tablet,22253.59,Normal
T385,Tanvi Ganesan,Mumbai,Paytm,Mobile,11834.16,Normal
T386,Qadim Bandi,Hyderabad,Amazon,Mobile,93759.27,Fraud
T387,Garima Singh,Delhi,Swiggy,Mobile,98048.74,Fraud
T388,Zayyan Sharma,Jaipur,Flipkart,Tablet,28857.92,Normal
T389,Laksh Vora,Jaipur,Amazon,Tablet,50775.81,Fraud
T390,Yuvraj Rajagopal,Hyderabad,Swiggy,Mobile,3176.8,Normal
T391,Chameli Din,Jaipur,Paytm,Mobile,48900.74,Normal
T392,Meera Kant,Hyderabad,Swiggy,Mobile,32934.94,Normal
T393,Eta Bhasin,Pune,Uber,Tablet,81262.04,Fraud
T394,Ojas Bhardwaj,Delhi,Zomato,Tablet,88089.49,Fraud
T395,Ojas Sood,Hyderabad,Amazon,Tablet,72380.61,Fraud
T396,Ekaraj Madan,Pune,ATM,Mobile,85854.24,Fraud
T397,Ishwar Mander,Mumbai,Paytm,Laptop,77184.67,Fraud
T398,Zansi Sha,Chennai,Swiggy,Tablet,10880.36,Normal
T399,Girik Pant,Chennai,Uber,Tablet,37306.04,Normal
T400,Aadhya Bava,Jaipur,Flipkart,Tablet,76531.33,Fraud
T401,Abdul Raghavan,Pune,Uber,Laptop,60293.12,Fraud
T402,Brinda Subramanian,Jaipur,Amazon,Laptop,22982.87,Normal
T403,Prisha Mahal,Hyderabad,Amazon,Tablet,6694.03,Normal
T404,Ijaya Viswanathan,Bangalore,Amazon,Tablet,46809.49,Normal
T405,Faras Gopal,Pune,Zomato,Mobile,60921.16,Fraud
T406,Fariq Karpe,Chennai,Swiggy,Laptop,49109.91,Normal
T407,Amol Saha,Chennai,Zomato,Laptop,72578.69,Fraud
T408,Upma Wadhwa,Mumbai,ATM,Tablet,99660.91,Fraud
T409,Bhanumati Balan,Pune,Zomato,Mobile,8089.77,Normal
T410,Manya Baral,Jaipur,Zomato,Laptop,44813.4,Normal
T411,Advaith Gokhale,Delhi,Amazon,Tablet,4481.36,Normal
T412,Jai Mallick,Hyderabad,Swiggy,Mobile,68878.64,Fraud
T413,Harrison Dar,Chennai,Swiggy,Tablet,92963.93,Fraud
T414,Nathaniel Chadha,Jaipur,Amazon,Mobile,48457.1,Normal
T415,Harish Bal,Jaipur,Amazon,Mobile,56257.87,Fraud
T416,Victor Bhagat,Pune,ATM,Mobile,29105.03,Normal
T417,Kabir Savant,Delhi,Flipkart,Tablet,78123.5,Fraud
T418,Oni Edwin,Jaipur,Amazon,Laptop,14880.67,Normal
T419,Nisha Rattan,Chennai,Flipkart,Mobile,29729.91,Normal
T420,Pushti Patla,Bangalore,ATM,Tablet,56697.79,Fraud
T421,Tripti Bhat,Mumbai,Paytm,Tablet,94499.75,Fraud
T422,Parth Sheth,Hyderabad,Flipkart,Tablet,31083.47,Normal
T423,Utkarsh Saha,Chennai,Flipkart,Laptop,10550.97,Normal
T424,Pooja Varughese,Pune,Swiggy,Laptop,3761.54,Normal
T425,Ojas Garg,Mumbai,Paytm,Laptop,31270.51,Normal
T426,Laban Kaul,Chennai,Uber,Mobile,55227.06,Fraud
T427,Girik Sampath,Chennai,Zomato,Mobile,29897.28,Normal
T428,Zinal Prabhu,Delhi,Zomato,Tablet,80084.14,Fraud
T429,Zaid Yadav,Jaipur,Amazon,Tablet,60645.41,Fraud
T430,Jonathan Prasad,Jaipur,Zomato,Mobile,42107.63,Normal
T431,Urvi Amble,Pune,ATM,Tablet,23713.47,Normal
T432,Azaan Dash,Chennai,Zomato,Laptop,13719.33,Normal
T433,Ikshita Golla,Pune,Flipkart,Laptop,47529.79,Normal
T434,Tejas Borde,Hyderabad,Zomato,Laptop,81430.36,Fraud
T435,Lucky Kadakia,Hyderabad,Paytm,Laptop,60228.4,Fraud
T436,Deepa Deep,Bangalore,Zomato,Mobile,52728.77,Fraud
T437,Lucky Ratta,Mumbai,Zomato,Mobile,70664.42,Fraud
T438,Warda Kibe,Pune,Zomato,Mobile,91870.43,Fraud
T439,Charita Kala,Chennai,Paytm,Tablet,82996.52,Fraud
T440,Quincy Nagy,Pune,Zomato,Tablet,85641.29,Fraud
T441,Lekha Sachdeva,Mumbai,Swiggy,Tablet,76342.05,Fraud
T442,Dalbir Venkataraman,Delhi,Zomato,Tablet,90969.93,Fraud
T443,Zinal Naik,Bangalore,Paytm,Tablet,14915.64,Normal
T444,Wridesh Ravi,Bangalore,Flipkart,Tablet,27480.58,Normal
T445,Veda Bandi,Mumbai,Amazon,Laptop,40897.85,Normal
T446,Avi Bedi,Delhi,ATM,Laptop,2042.21,Normal
T447,Advika Agrawal,Jaipur,Amazon,Laptop,27679.15,Normal
T448,Gaurang Kala,Bangalore,Amazon,Laptop,13908.46,Normal
T449,Krisha Mitra,Pune,Zomato,Laptop,81578.07,Fraud
T450,Saumya Prakash,Jaipur,Flipkart,Laptop,74269.71,Fraud
T451,Charles Lad,Chennai,Swiggy,Tablet,80189.93,Fraud
T452,Bhanumati Wagle,Chennai,Flipkart,Laptop,7006.33,Normal
T453,Ridhi Behl,Chennai,Zomato,Mobile,39221.28,Normal
T454,Neelima Vaidya,Mumbai,Paytm,Laptop,78342.34,Fraud
T455,Eta Kara,Mumbai,Uber,Laptop,80236.52,Fraud
T456,Raghav Mani,Mumbai,Zomato,Tablet,99555.0,Fraud
T457,Abdul Master,Chennai,Uber,Mobile,54183.63,Fraud
T458,Aarna Koshy,Jaipur,ATM,Laptop,33403.4,Normal
T459,Ira Balasubramanian,Hyderabad,Paytm,Mobile,4135.19,Normal
T460,Triya Walla,Mumbai,Uber,Mobile,22271.78,Normal
T461,Gautam Sankar,Hyderabad,ATM,Tablet,21384.96,Normal
T462,Oni Iyer,Chennai,Amazon,Mobile,56006.59,Fraud
T463,Akshay Chopra,Bangalore,Paytm,Tablet,14129.27,Normal
T464,Chaitanya Savant,Delhi,Flipkart,Laptop,41950.72,Normal
T465,Janani Walla,Chennai,Amazon,Mobile,39838.44,Normal
T466,Jalsa Chaudhry,Bangalore,Paytm,Tablet,6062.71,Normal
T467,Guneet Upadhyay,Bangalore,Zomato,Mobile,68925.77,Fraud
T468,David Khosla,Chennai,Swiggy,Tablet,49548.18,Normal
T469,Ranbir Morar,Hyderabad,Flipkart,Laptop,56516.82,Fraud
T470,Arya Biswas,Delhi,Flipkart,Laptop,94351.58,Fraud
T471,Bishakha Chauhan,Hyderabad,Swiggy,Tablet,52975.05,Fraud
T472,Neelima Naik,Pune,Flipkart,Laptop,68040.82,Fraud
T473,Ojasvi Dasgupta,Pune,Amazon,Tablet,99083.81,Fraud
T474,Aradhana Hari,Mumbai,Flipkart,Laptop,28454.8,Normal
T475,Zinal Bhatnagar,Bangalore,Uber,Tablet,89542.76,Fraud
T476,Yatan Rege,Jaipur,Uber,Tablet,53588.78,Fraud
T477,William Kalla,Hyderabad,ATM,Tablet,21808.09,Normal
T478,Aarav Chahal,Pune,Zomato,Mobile,51455.39,Fraud
T479,Finn Murthy,Pune,Uber,Mobile,27519.77,Normal
T480,Dayita Kakar,Hyderabad,ATM,Mobile,1132.2,Normal
T481,Kalpit Kuruvilla,Bangalore,Amazon,Mobile,82662.14,Fraud
T482,Shivani Goswami,Chennai,Swiggy,Laptop,9410.43,Normal
T483,Indira Lata,Chennai,Zomato,Mobile,69429.54,Fraud
T484,Andrew Anne,Chennai,Amazon,Mobile,71706.08,Fraud
T485,Tanveer Barad,Chennai,Zomato,Mobile,18676.37,Normal
T486,Aahana Yadav,Hyderabad,Flipkart,Laptop,81307.23,Fraud
T487,Chakradev Pandya,Jaipur,Uber,Tablet,34517.6,Normal
T488,Nihal Kar,Pune,Flipkart,Tablet,47423.88,Normal
T489,Saanvi Mani,Hyderabad,Paytm,Tablet,25255.99,Normal
T490,Kabir Boase,Bangalore,Paytm,Mobile,10227.99,Normal
T491,Ishwar Mistry,Mumbai,Amazon,Laptop,8742.95,Normal
T492,Kritika Gokhale,Chennai,Zomato,Mobile,11729.95,Normal
T493,Chatresh Chaudry,Jaipur,Swiggy,Tablet,16296.29,Normal
T494,Advay Dhar,Chennai,Uber,Mobile,30910.73,Normal
T495,Varenya Iyengar,Bangalore,Swiggy,Tablet,34298.96,Normal
T496,Aditya Goel,Pune,Swiggy,Mobile,7091.7,Normal
T497,Raksha Narayanan,Hyderabad,Flipkart,Tablet,10241.15,Normal
T498,Nathan Kaur,Delhi,Swiggy,Laptop,42031.1,Normal
T499,Ekaraj Bose,Bangalore,Uber,Tablet,30969.44,Normal
T500,Ishwar Sule,Delhi,Zomato,Laptop,91949.46,Fraud
T501,Krisha Zachariah,Pune,Uber,Mobile,34902.44,Normal
T502,Xiti D’Alia,Delhi,Uber,Laptop,27543.62,Normal
T503,Mahika Nayar,Hyderabad,Paytm,Mobile,36913.48,Normal
T504,Zaid Loyal,Bangalore,Flipkart,Laptop,99762.54,Fraud
T505,Vasana Salvi,Bangalore,Uber,Tablet,57612.86,Fraud
T506,Ishita Sankaran,Pune,Amazon,Tablet,90070.01,Fraud
T507,Gavin Vohra,Pune,Flipkart,Tablet,91256.56,Fraud
T508,Edhitha Lala,Bangalore,Paytm,Laptop,51449.54,Fraud
T509,Gopal Kumar,Bangalore,ATM,Tablet,64213.35,Fraud
T510,Mugdha Shere,Jaipur,Amazon,Tablet,64493.28,Fraud
T511,Harita Wadhwa,Bangalore,Zomato,Laptop,6214.16,Normal
T512,Garima Issac,Hyderabad,Flipkart,Mobile,93731.69,Fraud
T513,Leela Khanna,Delhi,Paytm,Laptop,37904.43,Normal
T514,Ijaya Lal,Delhi,Uber,Laptop,18129.98,Normal
T515,Udyati Jani,Hyderabad,Swiggy,Laptop,87959.34,Fraud
T516,Finn Talwar,Jaipur,Zomato,Laptop,40526.01,Normal
T517,Zayan Dani,Jaipur,Zomato,Mobile,5817.6,Normal
T518,Nakul Buch,Pune,Uber,Mobile,13865.43,Normal
T519,Nicholas Acharya,Bangalore,Zomato,Laptop,55832.11,Fraud
T520,Brijesh Pillai,Jaipur,Zomato,Mobile,24566.84,Normal
T521,Pavani Sahni,Jaipur,Uber,Laptop,1517.41,Normal
T522,Lohit Chahal,Jaipur,ATM,Tablet,16818.66,Normal
T523,Kashvi Sundaram,Delhi,Swiggy,Laptop,40609.84,Normal
T524,Pranit Trivedi,Hyderabad,Paytm,Tablet,53370.49,Fraud
T525,Aadi Borra,Mumbai,Uber,Laptop,42775.24,Normal
T526,Urishilla Chakrabarti,Chennai,Flipkart,Laptop,95782.4,Fraud
T527,Bhavini Sem,Bangalore,Paytm,Laptop,53170.48,Fraud
T528,Ria Nagy,Mumbai,Amazon,Mobile,38061.68,Normal
T529,Aashi Kibe,Pune,Zomato,Tablet,31878.09,Normal
T530,Udyati Nagi,Chennai,Uber,Mobile,17171.51,Normal
T531,Tanmayi Wason,Chennai,ATM,Laptop,41895.24,Normal
T532,Garima Nanda,Hyderabad,Flipkart,Laptop,18217.31,Normal
T533,Chameli Murty,Bangalore,ATM,Mobile,15501.09,Normal
T534,Vamakshi Kala,Mumbai,Swiggy,Laptop,15761.62,Normal
T535,David Dhingra,Delhi,Flipkart,Tablet,40990.05,Normal
T536,Sara Sant,Bangalore,Zomato,Tablet,8413.51,Normal
T537,Upma Anne,Hyderabad,Paytm,Tablet,66036.13,Fraud
T538,Krishna Krish,Delhi,Amazon,Laptop,80459.65,Fraud
T539,Upma Seshadri,Mumbai,Swiggy,Laptop,46600.29,Normal
T540,Lucky Chaudhari,Delhi,Swiggy,Laptop,86312.56,Fraud
T541,Jagdish Dey,Pune,Flipkart,Tablet,17643.24,Normal
T542,Ikbal Ben,Hyderabad,Uber,Tablet,78001.31,Fraud
T543,Harrison Deshpande,Chennai,Uber,Mobile,83450.54,Fraud
T544,Charan Soman,Bangalore,Amazon,Tablet,95000.21,Fraud
T545,Devika Saini,Jaipur,Swiggy,Mobile,92938.15,Fraud
T546,Alexander Nath,Bangalore,Paytm,Laptop,70776.34,Fraud
T547,Vrinda Peri,Delhi,Amazon,Tablet,18759.12,Normal
T548,Ishani Oak,Bangalore,Flipkart,Mobile,28104.76,Normal
T549,Hredhaan Shere,Jaipur,Paytm,Laptop,76173.4,Fraud
T550,Vaishnavi Bumb,Jaipur,Flipkart,Mobile,26818.2,Normal
T551,Gaurangi More,Mumbai,Flipkart,Tablet,88333.95,Fraud
T552,Mekhala Raja,Delhi,Flipkart,Tablet,26875.69,Normal
T553,Harini Barman,Chennai,Uber,Mobile,75660.24,Fraud
T554,Rachita Choudhary,Pune,Paytm,Mobile,50333.09,Fraud
T555,Owen Gara,Bangalore,Flipkart,Laptop,30091.13,Normal
T556,Chakrika Bahri,Bangalore,Zomato,Mobile,44162.45,Normal
T557,Samuel Sheth,Bangalore,Paytm,Tablet,93561.46,Fraud
T558,Ekantika Peri,Mumbai,Flipkart,Tablet,41203.34,Normal
T559,Eiravati Mani,Bangalore,Swiggy,Tablet,85140.19,Fraud
T560,Ranveer Badal,Bangalore,ATM,Tablet,43773.74,Normal
T561,Urmi Gulati,Chennai,Amazon,Mobile,59983.06,Fraud
T562,Tristan Shanker,Chennai,Amazon,Mobile,58340.14,Fraud
T563,Yagnesh Aggarwal,Bangalore,Zomato,Mobile,27652.34,Normal
T564,Jeremiah Kuruvilla,Pune,Flipkart,Tablet,86831.84,Fraud
T565,Daksha Bal,Chennai,Uber,Mobile,62408.71,Fraud
T566,Yashoda Bansal,Mumbai,Swiggy,Laptop,99402.01,Fraud
T567,Sarthak Ray,Chennai,ATM,Laptop,21335.55,Normal
T568,Mason Ram,Pune,Amazon,Tablet,49874.45,Normal
T569,Neelima Bhakta,Hyderabad,Swiggy,Tablet,17984.63,Normal
T570,Peter Roy,Chennai,Uber,Tablet,66378.22,Fraud
T571,Laban Nagi,Delhi,Zomato,Mobile,84880.68,Fraud
T572,Eiravati Batta,Jaipur,Swiggy,Laptop,92825.03,Fraud
T573,Vritti Khosla,Pune,ATM,Tablet,86549.01,Fraud
T574,Radhika Khare,Delhi,Paytm,Mobile,60997.16,Fraud
T575,Shravya Babu,Mumbai,Flipkart,Tablet,31938.96,Normal
T576,Samarth Oza,Delhi,Amazon,Tablet,82736.87,Fraud
T577,Meghana Singh,Bangalore,Swiggy,Tablet,8979.83,Normal
T578,Kala Ratti,Chennai,ATM,Tablet,60715.17,Fraud
T579,Champak Bail,Pune,Swiggy,Laptop,16339.27,Normal
T580,Yamini Shere,Chennai,Swiggy,Laptop,7291.54,Normal
T581,Keya Aurora,Jaipur,Amazon,Tablet,25956.56,Normal
T582,Lavanya Doctor,Mumbai,Swiggy,Laptop,94121.39,Fraud
T583,Balendra Sridhar,Bangalore,Zomato,Mobile,25621.18,Normal
T584,Abha Kant,Chennai,Flipkart,Tablet,34772.95,Normal
T585,Vasana Mangal,Hyderabad,ATM,Mobile,31663.93,Normal
T586,Gayathri Singh,Jaipur,Uber,Mobile,99507.92,Fraud
T587,Unni Chaudhuri,Pune,Paytm,Tablet,68454.69,Fraud
T588,Abdul Pandit,Jaipur,Paytm,Tablet,48760.24,Normal
T589,Turvi Rout,Delhi,Zomato,Tablet,29518.12,Normal
T590,Baghyawati Memon,Delhi,Paytm,Mobile,32772.31,Normal
T591,Aradhana Minhas,Chennai,Uber,Laptop,83337.76,Fraud
T592,Indrajit Wagle,Chennai,Amazon,Mobile,11610.14,Normal
T593,Tanmayi Thaman,Pune,Zomato,Mobile,44125.9,Normal
T594,Girish Kadakia,Bangalore,Flipkart,Laptop,37074.63,Normal
T595,Sai Gara,Jaipur,Swiggy,Tablet,50805.35,Fraud
T596,Siddharth Gokhale,Hyderabad,Uber,Tablet,55376.3,Fraud
T597,Keya Sur,Bangalore,Flipkart,Laptop,8181.47,Normal
T598,Amruta Savant,Pune,Swiggy,Mobile,62229.4,Fraud
T599,Tanish Kothari,Bangalore,Swiggy,Laptop,22688.04,Normal
T600,Rohan Mandal,Pune,Paytm,Tablet,35833.3,Normal
T601,Samesh Chandran,Delhi,Paytm,Laptop,22189.4,Normal
T602,Saumya Suri,Jaipur,Uber,Mobile,73133.77,Fraud
T603,Harrison Soni,Delhi,Swiggy,Mobile,21581.19,Normal
T604,Garima Comar,Delhi,Zomato,Tablet,41762.43,Normal
T605,Chatresh Patla,Pune,Zomato,Laptop,58432.52,Fraud
T606,Bhanumati Maharaj,Mumbai,Flipkart,Mobile,65822.86,Fraud
T607,Gunbir Contractor,Mumbai,ATM,Tablet,61203.29,Fraud
T608,Jatin Kashyap,Bangalore,Swiggy,Mobile,66579.97,Fraud
T609,Qarin Cherian,Mumbai,Flipkart,Tablet,2302.9,Normal
T610,Andrew Narayan,Pune,Swiggy,Laptop,98948.5,Fraud
T611,Yagnesh Keer,Jaipur,Uber,Tablet,53857.64,Fraud
T612,Laksh Desai,Chennai,ATM,Tablet,6971.58,Normal
T613,Sai Mangat,Delhi,Flipkart,Mobile,76674.53,Fraud
T614,Simon Nori,Jaipur,Paytm,Tablet,14809.77,Normal
T615,David Mall,Bangalore,Amazon,Tablet,51636.47,Fraud
T616,Hemani Banerjee,Hyderabad,Swiggy,Mobile,22939.44,Normal
T617,Chaaya Tailor,Bangalore,Amazon,Tablet,56108.39,Fraud
T618,Chaitaly Nanda,Delhi,Flipkart,Tablet,48701.28,Normal
T619,Baghyawati Tank,Mumbai,Uber,Tablet,53132.17,Fraud
T620,Wishi Yogi,Bangalore,Flipkart,Tablet,76005.6,Fraud
T621,Avni Chowdhury,Jaipur,Uber,Laptop,23375.12,Normal
T622,Amrita Gole,Bangalore,Swiggy,Tablet,58179.1,Fraud
T623,Yochana Modi,Pune,ATM,Mobile,23017.01,Normal
T624,Azaan Bassi,Mumbai,Amazon,Mobile,6915.34,Normal
T625,Frado Rajagopal,Hyderabad,ATM,Laptop,53910.8,Fraud
T626,Pavani Nanda,Hyderabad,Flipkart,Laptop,87708.36,Fraud
T627,Ira Atwal,Bangalore,Uber,Mobile,91961.11,Fraud
T628,Abha Yadav,Bangalore,Zomato,Laptop,11746.6,Normal
T629,Qadim Ganguly,Jaipur,ATM,Laptop,44881.46,Normal
T630,Gaurangi Natt,Jaipur,Amazon,Laptop,24809.55,Normal
T631,Utkarsh Goswami,Jaipur,Paytm,Laptop,65985.55,Fraud
T632,Yuvraj Deshmukh,Delhi,Paytm,Mobile,91850.19,Fraud
T633,Tara Lalla,Jaipur,Swiggy,Mobile,65073.65,Fraud
T634,Lila Rajagopal,Delhi,Flipkart,Laptop,58888.82,Fraud
T635,Vasatika Amble,Hyderabad,Paytm,Mobile,86193.99,Fraud
T636,Jason Ben,Pune,ATM,Tablet,96069.08,Fraud
T637,Viraj Tripathi,Pune,Amazon,Tablet,93596.46,Fraud
T638,Warda Mishra,Hyderabad,Paytm,Laptop,18105.1,Normal
T639,Ryan Rai,Jaipur,Flipkart,Laptop,37765.9,Normal
T640,Laban Dash,Hyderabad,Swiggy,Laptop,5276.73,Normal
T641,Janani Master,Mumbai,ATM,Mobile,65448.96,Fraud
T642,Kabir Varkey,Bangalore,Flipkart,Mobile,5491.88,Normal
T643,Laban Hayer,Chennai,Paytm,Tablet,79661.13,Fraud
T644,Maanav Mahajan,Mumbai,Flipkart,Tablet,95437.28,Fraud
T645,Zansi Ravi,Hyderabad,Amazon,Mobile,77211.61,Fraud
T646,Kashvi Sami,Bangalore,Uber,Tablet,61918.95,Fraud
T647,Ayushman Zachariah,Hyderabad,Amazon,Tablet,63076.87,Fraud
T648,Dhruv Lall,Pune,ATM,Tablet,53980.89,Fraud
T649,Ryan Deo,Mumbai,ATM,Mobile,41009.03,Normal
T650,Tamanna Rege,Jaipur,Flipkart,Mobile,86071.84,Fraud
T651,Adweta Bassi,Pune,ATM,Tablet,80332.19,Fraud
T652,Ijaya Nagarajan,Delhi,Uber,Laptop,62530.7,Fraud
T653,Naveen Buch,Delhi,Amazon,Tablet,8227.84,Normal
T654,Urvashi Manda,Bangalore,ATM,Laptop,81029.92,Fraud
T655,Nakul Agrawal,Chennai,Uber,Laptop,84106.32,Fraud
T656,Fariq Kulkarni,Delhi,Zomato,Laptop,28609.81,Normal
T657,Jhalak Gill,Hyderabad,Uber,Mobile,82043.46,Fraud
T658,Shivani Nagy,Hyderabad,Flipkart,Laptop,55696.39,Fraud
T659,Mohammed Savant,Jaipur,Flipkart,Laptop,16037.59,Normal
T660,Dalbir Kothari,Pune,Uber,Tablet,96395.48,Fraud
T661,Yoshita Jani,Delhi,Zomato,Laptop,47155.92,Normal
T662,Nilima Bedi,Chennai,Flipkart,Laptop,96253.99,Fraud
T663,Kavya Ram,Jaipur,Swiggy,Laptop,5847.92,Normal
T664,Pratyush Nori,Pune,Zomato,Mobile,8182.54,Normal
T665,Bhavna Merchant,Pune,Flipkart,Tablet,21006.45,Normal
T666,Chasmum Wali,Mumbai,Amazon,Tablet,25145.89,Normal
T667,Shivansh Prasad,Pune,ATM,Mobile,56147.12,Fraud
T668,William Warrior,Jaipur,Zomato,Tablet,60542.89,Fraud
T669,Dipta Natarajan,Bangalore,Zomato,Tablet,18145.61,Normal
T670,Vedant Luthra,Delhi,Zomato,Mobile,3405.52,Normal
T671,Reyansh Sandhu,Bangalore,Paytm,Laptop,37253.7,Normal
T672,Timothy Borde,Delhi,Zomato,Mobile,58441.16,Fraud
T673,Mitali Kala,Mumbai,Paytm,Tablet,25495.81,Normal
T674,Sarthak Brahmbhatt,Chennai,Swiggy,Laptop,13193.07,Normal
T675,Radha Arora,Hyderabad,Amazon,Tablet,47617.04,Normal
T676,Nathan Kuruvilla,Delhi,Swiggy,Mobile,3112.27,Normal
T677,Lakshit Sachdeva,Pune,Flipkart,Mobile,69976.6,Fraud
T678,Owen Pal,Delhi,ATM,Laptop,78447.23,Fraud
T679,Wyatt Om,Pune,Flipkart,Laptop,91914.45,Fraud
T680,Farhan Sabharwal,Jaipur,Swiggy,Mobile,53936.75,Fraud
T681,Dayita Sant,Bangalore,Zomato,Laptop,55544.92,Fraud
T682,Naksh Pingle,Hyderabad,Amazon,Tablet,69222.58,Fraud
T683,Varsha Borah,Bangalore,Amazon,Laptop,67783.15,Fraud
T684,Devika Sandhu,Bangalore,Swiggy,Mobile,93791.15,Fraud
T685,Tristan Murthy,Chennai,Amazon,Mobile,65589.9,Fraud
T686,Onveer Shukla,Chennai,Uber,Tablet,5301.51,Normal
T687,Urishilla Kothari,Pune,Amazon,Laptop,21622.18,Normal
T688,Anirudh Rout,Jaipur,Swiggy,Laptop,64788.47,Fraud
T689,Ria Sengupta,Hyderabad,Uber,Tablet,88333.58,Fraud
T690,Max Chana,Hyderabad,Flipkart,Tablet,63713.49,Fraud
T691,Falak Gopal,Delhi,Uber,Mobile,46441.6,Normal
T692,Lajita Mitra,Pune,Zomato,Laptop,92751.98,Fraud
T693,Yoshita Natt,Pune,Amazon,Tablet,91206.85,Fraud
T694,Aishani Oza,Bangalore,Amazon,Tablet,32551.01,Normal
T695,Dev Parmer,Pune,Flipkart,Tablet,52096.29,Fraud
T696,Gautam Chand,Hyderabad,Uber,Tablet,79683.93,Fraud
T697,Dhruv Murty,Delhi,Flipkart,Mobile,3111.73,Normal
T698,Bimala Sachdeva,Pune,Flipkart,Mobile,86438.18,Fraud
T699,Reyansh Mistry,Hyderabad,Uber,Mobile,2497.33,Normal
T700,Manan Datta,Pune,Amazon,Laptop,68266.51,Fraud
T701,Owen Sridhar,Delhi,Amazon,Laptop,77471.01,Fraud
T702,Charvi Narayanan,Pune,Zomato,Mobile,45398.06,Normal
T703,Sara Murthy,Chennai,Uber,Tablet,22198.15,Normal
T704,Hemangini Baria,Chennai,ATM,Mobile,76215.98,Fraud
T705,Vanya Bhatt,Jaipur,ATM,Laptop,23363.76,Normal
T706,Benjamin Ahuja,Pune,Flipkart,Laptop,92730.07,Fraud
T707,Januja Nagarajan,Hyderabad,Flipkart,Tablet,36525.74,Normal
T708,Mohammed Viswanathan,Mumbai,Swiggy,Laptop,65028.3,Fraud
T709,Finn Chauhan,Bangalore,Uber,Laptop,29077.65,Normal
T710,Luke Bhattacharyya,Jaipur,Amazon,Tablet,37344.99,Normal
T711,Aachal Aggarwal,Delhi,Amazon,Tablet,56342.64,Fraud
T712,Tanay Shenoy,Pune,Swiggy,Mobile,63140.04,Fraud
T713,Aarush Ramesh,Delhi,Uber,Laptop,18214.91,Normal
T714,Noah Chowdhury,Bangalore,ATM,Mobile,30069.42,Normal
T715,Yutika Mammen,Hyderabad,Amazon,Laptop,2834.48,Normal
T716,Kabir Hegde,Delhi,ATM,Mobile,5853.41,Normal
T717,Janya Konda,Mumbai,Paytm,Laptop,65354.45,Fraud
T718,Jyoti Prashad,Bangalore,Amazon,Mobile,47348.96,Normal
T719,Pahal Upadhyay,Bangalore,Amazon,Mobile,30887.03,Normal
T720,Edhitha Saini,Delhi,Zomato,Tablet,89851.23,Fraud
T721,Leena Raman,Jaipur,Amazon,Tablet,99073.28,Fraud
T722,Owen Master,Delhi,ATM,Laptop,34653.02,Normal
T723,Chatura Mallick,Chennai,Zomato,Mobile,96579.95,Fraud
T724,Aarav Mahal,Chennai,Swiggy,Laptop,2498.12,Normal
T725,Jagdish Sangha,Bangalore,Amazon,Laptop,5773.63,Normal
T726,Wriddhish Raj,Delhi,Uber,Tablet,47211.58,Normal
T727,Nandini Patla,Pune,Uber,Tablet,74301.41,Fraud
T728,Ucchal Palla,Mumbai,Swiggy,Mobile,48340.28,Normal
T729,Harita Varkey,Chennai,Paytm,Tablet,79073.67,Fraud
T730,Ayush Sachdeva,Hyderabad,Zomato,Laptop,76272.43,Fraud
T731,Idika Shah,Delhi,Zomato,Tablet,27902.63,Normal
T732,Benjamin Brar,Pune,Paytm,Tablet,64149.26,Fraud
T733,Baghyawati Khalsa,Delhi,Uber,Tablet,87386.48,Fraud
T734,Nilima Sundaram,Mumbai,Swiggy,Mobile,79993.57,Fraud
T735,Omaja Toor,Mumbai,Zomato,Mobile,52414.02,Fraud
T736,Upkaar Mitra,Chennai,Paytm,Mobile,96770.5,Fraud
T737,Zinal Kurian,Hyderabad,Uber,Tablet,96073.67,Fraud
T738,Odika Nair,Pune,Swiggy,Tablet,58554.1,Fraud
T739,Hemani Tak,Chennai,Amazon,Tablet,71056.29,Fraud
T740,Rachita Kibe,Jaipur,Uber,Tablet,51277.23,Fraud
T741,Jagat Subramaniam,Delhi,ATM,Mobile,38266.63,Normal
T742,Kavya Raval,Pune,Swiggy,Laptop,72756.04,Fraud
T743,Chameli Dhar,Pune,Paytm,Mobile,44535.98,Normal
T744,Rachita Ben,Bangalore,Uber,Laptop,35081.05,Normal
T745,Oeshi Nath,Pune,ATM,Laptop,46485.52,Normal
T746,Vinaya Dyal,Mumbai,Zomato,Mobile,57570.35,Fraud
T747,Falak Parikh,Delhi,Amazon,Laptop,50478.03,Fraud
T748,Aishani Grewal,Mumbai,Amazon,Laptop,1830.9,Normal
T749,Liam Ganguly,Delhi,Amazon,Tablet,51127.95,Fraud
T750,Ethan Bhagat,Chennai,Zomato,Laptop,65199.21,Fraud
T751,Abha Dyal,Pune,Paytm,Mobile,85860.57,Fraud
T752,Abhiram Loke,Mumbai,Flipkart,Mobile,65206.25,Fraud
T753,Anthony Sinha,Bangalore,Flipkart,Tablet,7585.1,Normal
T754,Ekalinga Bahl,Delhi,Zomato,Tablet,75173.99,Fraud
T755,Yashodhara Mitra,Pune,Flipkart,Laptop,68410.8,Fraud
T756,Yuvraj Sanghvi,Bangalore,Zomato,Mobile,63202.89,Fraud
T757,Eesha Sundaram,Mumbai,Paytm,Laptop,97808.09,Fraud
T758,Frado Kothari,Bangalore,ATM,Mobile,64989.22,Fraud
T759,Christopher Agate,Delhi,Swiggy,Mobile,5735.26,Normal
T760,Harrison Sunder,Jaipur,Flipkart,Tablet,36288.78,Normal
T761,Sneha Ahluwalia,Bangalore,Flipkart,Laptop,84735.61,Fraud
T762,Gaurav Desai,Delhi,Swiggy,Laptop,89462.57,Fraud
T763,Mohammed Sankar,Chennai,ATM,Mobile,55200.25,Fraud
T764,Ekanta Pillai,Mumbai,Swiggy,Mobile,9528.14,Normal
T765,Jason Jhaveri,Hyderabad,ATM,Mobile,73913.6,Fraud
T766,Chameli Das,Chennai,Zomato,Tablet,8152.72,Normal
T767,Ayaan Balasubramanian,Mumbai,Zomato,Laptop,26275.32,Normal
T768,Neelima Kibe,Bangalore,Zomato,Mobile,39066.64,Normal
T769,Ekantika Saini,Mumbai,Uber,Mobile,42904.14,Normal
T770,Ati Ramakrishnan,Hyderabad,Uber,Laptop,17673.31,Normal
T771,Ekantika Luthra,Hyderabad,Paytm,Tablet,47915.55,Normal
T772,Faris Gill,Pune,Uber,Mobile,3599.35,Normal
T773,Damyanti Mutti,Delhi,Uber,Tablet,29260.69,Normal
T774,Nicholas Vig,Delhi,Amazon,Laptop,11815.98,Normal
T775,Ekani Tandon,Bangalore,Zomato,Mobile,121.65,Normal
T776,Eiravati Tandon,Jaipur,Zomato,Mobile,62182.48,Fraud
T777,Saksham Mukhopadhyay,Delhi,Paytm,Mobile,63579.58,Fraud
T778,Idika Dewan,Jaipur,Amazon,Tablet,24754.2,Normal
T779,Udant Choudhary,Pune,Swiggy,Laptop,80288.58,Fraud
T780,Adya Halder,Bangalore,Swiggy,Laptop,47638.12,Normal
T781,Lekha Tandon,Chennai,Zomato,Mobile,88147.66,Fraud
T782,Osha Ravel,Mumbai,Paytm,Laptop,79011.49,Fraud
T783,Karan Tripathi,Bangalore,Swiggy,Tablet,91848.74,Fraud
T784,Vanya Subramanian,Pune,ATM,Tablet,56837.58,Fraud
T785,Jack Sandal,Bangalore,Amazon,Mobile,20123.59,Normal
T786,Shivani Aurora,Pune,Zomato,Tablet,38995.69,Normal
T787,Kala Jayaraman,Chennai,Swiggy,Tablet,4619.43,Normal
T788,Ekaja Merchant,Mumbai,ATM,Laptop,47298.73,Normal
T789,Frederick Keer,Hyderabad,ATM,Laptop,67749.32,Fraud
T790,Thomas Purohit,Jaipur,Swiggy,Laptop,70468.64,Fraud
T791,Anusha Sandal,Mumbai,Amazon,Mobile,95696.77,Fraud
T792,Bhavika Rama,Mumbai,Flipkart,Tablet,71750.83,Fraud
T793,Jagat Garde,Chennai,Swiggy,Mobile,20342.19,Normal
T794,Janani Sangha,Mumbai,Flipkart,Tablet,56094.18,Fraud
T795,Victor Agate,Hyderabad,Amazon,Tablet,87312.86,Fraud
T796,Balveer Sengupta,Jaipur,Amazon,Laptop,88381.67,Fraud
T797,Krishna Lala,Chennai,Amazon,Mobile,96275.88,Fraud
T798,Nimrat Joshi,Pune,Swiggy,Tablet,88068.55,Fraud
T799,Eshana Mukhopadhyay,Jaipur,ATM,Tablet,98820.75,Fraud
T800,Rohan Sachar,Hyderabad,Swiggy,Tablet,98591.85,Fraud
T801,Gayathri Sunder,Chennai,Flipkart,Tablet,17024.48,Normal
T802,Mason Sawhney,Jaipur,Swiggy,Mobile,68362.05,Fraud
T803,Nidhi Trivedi,Jaipur,Paytm,Mobile,26785.2,Normal
T804,Azad Dhar,Bangalore,Amazon,Tablet,58272.72,Fraud
T805,Peter Patla,Bangalore,Paytm,Laptop,61985.97,Fraud
T806,Madhavi Palla,Pune,Uber,Tablet,13369.91,Normal
T807,Veer Dugar,Bangalore,Paytm,Mobile,32483.66,Normal
T808,Aadhya Chhabra,Jaipur,Flipkart,Mobile,72205.48,Fraud
T809,Ekapad Subramaniam,Chennai,ATM,Mobile,18793.81,Normal
T810,Zarna Kuruvilla,Chennai,Zomato,Tablet,40057.59,Normal
T811,Alka Guha,Chennai,Amazon,Tablet,18429.07,Normal
T812,Lajita Randhawa,Hyderabad,Paytm,Tablet,51505.11,Fraud
T813,Lila Bhagat,Mumbai,Zomato,Laptop,47599.31,Normal
T814,Nilima Kata,Chennai,Uber,Laptop,26366.79,Normal
T815,Akshay Setty,Jaipur,Zomato,Mobile,92220.2,Fraud
T816,Ekaja Buch,Pune,Zomato,Tablet,73869.41,Fraud
T817,Qarin Natarajan,Delhi,Paytm,Tablet,61336.37,Fraud
T818,Raagini Rana,Delhi,Zomato,Laptop,19226.57,Normal
T819,Samarth Pandya,Chennai,Zomato,Mobile,84206.54,Fraud
T820,Jalsa Nagarajan,Bangalore,ATM,Tablet,88592.76,Fraud
T821,Charvi Kaul,Hyderabad,Uber,Mobile,54241.78,Fraud
T822,Victor Sodhi,Pune,Paytm,Tablet,134.18,Normal
T823,Rehaan Parikh,Bangalore,ATM,Tablet,9024.48,Normal
T824,Varenya Vala,Hyderabad,ATM,Laptop,31450.79,Normal
T825,Agastya Biswas,Chennai,Amazon,Mobile,58683.38,Fraud
T826,Pallavi Din,Bangalore,Amazon,Laptop,56400.75,Fraud
T827,Gautam Deshmukh,Jaipur,Paytm,Tablet,41124.6,Normal
T828,Dakshesh Comar,Hyderabad,Amazon,Laptop,89348.84,Fraud
T829,Leena Edwin,Chennai,Paytm,Tablet,13844.99,Normal
T830,Bakhshi Bandi,Hyderabad,Amazon,Laptop,64727.77,Fraud
T831,Prisha Kade,Pune,Amazon,Tablet,60299.37,Fraud
T832,Ishani Kata,Chennai,Amazon,Tablet,439.96,Normal
T833,Gaurangi Sagar,Chennai,ATM,Laptop,64342.48,Fraud
T834,Qabil Bora,Delhi,ATM,Laptop,6114.37,Normal
T835,Ishita Deep,Jaipur,Zomato,Tablet,65180.04,Fraud
T836,Urmi Rai,Jaipur,Flipkart,Tablet,32575.64,Normal
T837,Shravya Krishnamurthy,Delhi,Paytm,Mobile,77481.66,Fraud
T838,Bhavini Doctor,Delhi,Zomato,Tablet,18295.91,Normal
T839,Devansh Bali,Delhi,Uber,Mobile,23161.02,Normal
T840,Mohini Shroff,Mumbai,Paytm,Mobile,3894.45,Normal
T841,Vasatika Ganesan,Mumbai,Zomato,Tablet,53625.95,Fraud
T842,Samar Mital,Chennai,Paytm,Laptop,37993.33,Normal
T843,Bhavika Mani,Delhi,Swiggy,Tablet,93180.59,Fraud
T844,Krishna Dhillon,Hyderabad,Zomato,Mobile,86455.23,Fraud
T845,Tara Zacharia,Jaipur,Zomato,Tablet,80608.57,Fraud
T846,Elijah Ahuja,Jaipur,Zomato,Mobile,37102.13,Normal
T847,Upkaar Nair,Jaipur,Paytm,Tablet,72259.56,Fraud
T848,Ikshita Varughese,Bangalore,Amazon,Tablet,8692.79,Normal
T849,Faraj Bawa,Hyderabad,Uber,Laptop,89886.47,Fraud
T850,Rachita Brahmbhatt,Pune,ATM,Mobile,57270.01,Fraud
T851,Sai Arora,Mumbai,Flipkart,Tablet,29828.43,Normal
T852,Warinder Oza,Hyderabad,Zomato,Tablet,72362.9,Fraud
T853,Tanay Thaker,Delhi,Zomato,Laptop,83866.71,Fraud
T854,Gagan Johal,Pune,ATM,Tablet,84913.62,Fraud
T855,Tarak Bhattacharyya,Pune,ATM,Laptop,72023.07,Fraud
T856,Lakshit Mandal,Jaipur,Flipkart,Tablet,37705.13,Normal
T857,Samarth Grover,Bangalore,Uber,Mobile,52228.04,Fraud
T858,Arjun Palan,Delhi,Swiggy,Laptop,90725.63,Fraud
T859,Nidhi Dhar,Pune,ATM,Laptop,35490.97,Normal
T860,Oviya Ramakrishnan,Pune,Zomato,Mobile,27392.51,Normal
T861,Turvi Munshi,Delhi,Flipkart,Tablet,22391.83,Normal
T862,Amaira Jha,Chennai,Uber,Laptop,18004.05,Normal
T863,Ekantika Ganguly,Chennai,Paytm,Mobile,29488.01,Normal
T864,Lakshit Raghavan,Mumbai,Zomato,Laptop,62862.2,Fraud
T865,Ronith Chacko,Hyderabad,Zomato,Tablet,34572.58,Normal
T866,Brinda Kapur,Hyderabad,ATM,Laptop,3092.38,Normal
T867,Eshana Chawla,Chennai,Swiggy,Laptop,55834.13,Fraud
T868,Daksha Arya,Jaipur,Paytm,Tablet,76767.48,Fraud
T869,Zilmil Manne,Hyderabad,Flipkart,Mobile,33662.69,Normal
T870,Yoshita Sachar,Bangalore,Swiggy,Tablet,86026.77,Fraud
T871,Christopher Dube,Pune,Flipkart,Mobile,88531.9,Fraud
T872,Januja Sodhi,Pune,Zomato,Mobile,27496.22,Normal
T873,Dominic Rao,Chennai,Uber,Laptop,23777.19,Normal
T874,Gaurav Kumar,Delhi,Zomato,Laptop,58120.03,Fraud
T875,Devika Borra,Chennai,Paytm,Tablet,38222.06,Normal
T876,Idika Bail,Hyderabad,Flipkart,Tablet,80252.45,Fraud
T877,Baghyawati Bhakta,Bangalore,Swiggy,Tablet,36991.49,Normal
T878,Gaurika Saxena,Bangalore,Uber,Mobile,17394.67,Normal
T879,Baljiwan Natarajan,Hyderabad,Paytm,Tablet,64811.42,Fraud
T880,Mitali Raghavan,Mumbai,Amazon,Laptop,66162.91,Fraud
T881,Tarak Sem,Hyderabad,Flipkart,Laptop,10971.48,Normal
T882,Ryan Tara,Hyderabad,ATM,Laptop,26382.03,Normal
T883,Aahana Mangal,Jaipur,Paytm,Laptop,58818.03,Fraud
T884,Ayushman Dayal,Jaipur,Flipkart,Tablet,25543.61,Normal
T885,Samar Singhal,Chennai,Zomato,Laptop,59843.45,Fraud
T886,Udyati Nigam,Mumbai,Amazon,Tablet,90818.51,Fraud
T887,Chatura Chanda,Bangalore,Zomato,Tablet,33445.83,Normal
T888,Indrajit Mohanty,Hyderabad,Uber,Mobile,80751.15,Fraud
T889,Samesh Rajagopal,Hyderabad,Zomato,Laptop,68679.03,Fraud
T890,Aarna Rai,Mumbai,ATM,Mobile,90123.72,Fraud
T891,Liam Manne,Jaipur,Paytm,Tablet,54232.71,Fraud
T892,Lakshmi Dalal,Mumbai,Flipkart,Mobile,55685.11,Fraud
T893,Joshua Gokhale,Mumbai,ATM,Laptop,11483.31,Normal
T894,Eesha Dixit,Bangalore,ATM,Laptop,60338.14,Fraud
T895,Anay Kari,Hyderabad,Paytm,Mobile,41643.87,Normal
T896,Samaksh Sandal,Mumbai,Swiggy,Mobile,31732.04,Normal
T897,Vivaan Dugar,Bangalore,Amazon,Tablet,14509.46,Normal
T898,Ishita Verma,Delhi,ATM,Tablet,58481.07,Fraud
T899,Diya Singh,Mumbai,Flipkart,Laptop,62136.13,Fraud
T900,Aashi Shan,Delhi,Swiggy,Tablet,18743.08,Normal
T901,Unnati Bedi,Hyderabad,ATM,Laptop,80908.13,Fraud
T902,Ayaan Mander,Bangalore,Zomato,Mobile,74637.6,Fraud
T903,Finn Yadav,Chennai,Paytm,Laptop,45888.89,Normal
T904,Dalaja Ganguly,Mumbai,Flipkart,Tablet,7306.54,Normal
T905,Urmi Shetty,Bangalore,Flipkart,Tablet,94738.26,Fraud
T906,Balvan Hayre,Delhi,Flipkart,Mobile,71784.66,Fraud
T907,Aarini Wali,Bangalore,Flipkart,Mobile,3221.64,Normal
T908,Mekhala Rattan,Chennai,Paytm,Tablet,39496.98,Normal
T909,Sai Deol,Bangalore,Zomato,Mobile,91707.38,Fraud
T910,Qadim Talwar,Chennai,ATM,Mobile,42904.55,Normal
T911,Adweta Agarwal,Chennai,Zomato,Laptop,40803.8,Normal
T912,Andrew Murthy,Delhi,Zomato,Laptop,3232.37,Normal
T913,Qabil Rau,Delhi,Amazon,Mobile,15186.94,Normal
T914,George Ganguly,Bangalore,Paytm,Tablet,21952.18,Normal
T915,Dhruv Merchant,Jaipur,Zomato,Tablet,15173.07,Normal
T916,Manthan Mani,Hyderabad,Amazon,Mobile,69719.27,Fraud
T917,Hemang Murthy,Chennai,Flipkart,Laptop,86006.77,Fraud
T918,Saksham Rastogi,Bangalore,Paytm,Tablet,29116.61,Normal
T919,Patrick Barman,Hyderabad,Swiggy,Tablet,14796.29,Normal
T920,Netra Doshi,Bangalore,Paytm,Laptop,16845.64,Normal
T921,Aradhana Dugar,Mumbai,Amazon,Mobile,17903.76,Normal
T922,Krishna Yogi,Chennai,Zomato,Tablet,62243.49,Fraud
T923,Amaira Mishra,Hyderabad,Flipkart,Tablet,12402.06,Normal
T924,Suhani Borah,Delhi,Uber,Mobile,32137.58,Normal
T925,Finn Doshi,Pune,Swiggy,Laptop,26592.51,Normal
T926,Veda Balakrishnan,Delhi,Paytm,Mobile,42342.04,Normal
T927,Jalsa Sheth,Hyderabad,ATM,Mobile,78900.0,Fraud
T928,Kai Sachar,Chennai,Amazon,Mobile,2414.67,Normal
T929,Frederick Lad,Delhi,Amazon,Tablet,40599.08,Normal
T930,Udant Doctor,Jaipur,Flipkart,Mobile,48029.95,Normal
T931,Kritika Kala,Hyderabad,Swiggy,Mobile,51378.0,Fraud
T932,Mahika Bora,Pune,Flipkart,Tablet,83526.25,Fraud
T933,Warda Bath,Mumbai,Uber,Mobile,20121.07,Normal
T934,Xiti Yadav,Chennai,Paytm,Tablet,33203.17,Normal
T935,Nachiket Joshi,Pune,Flipkart,Tablet,73887.5,Fraud
T936,Vanya Modi,Pune,Swiggy,Tablet,85821.74,Fraud
T937,Tripti Sahota,Delhi,Flipkart,Laptop,98919.5,Fraud
T938,Naksh Gara,Bangalore,Paytm,Tablet,77817.96,Fraud
T939,Odika Bala,Bangalore,Zomato,Mobile,67719.25,Fraud
T940,Yachana Magar,Jaipur,Amazon,Tablet,56774.74,Fraud
T941,Jeevika Kapur,Mumbai,Paytm,Mobile,67714.56,Fraud
T942,Isaac Kannan,Mumbai,ATM,Tablet,11464.2,Normal
T943,Wridesh Varughese,Hyderabad,Flipkart,Laptop,91383.45,Fraud
T944,Riya Vig,Hyderabad,Swiggy,Laptop,11375.48,Normal
T945,Madhav Bajwa,Mumbai,Uber,Laptop,65111.7,Fraud
T946,Neelima Mody,Pune,Flipkart,Mobile,65330.27,Fraud
T947,Gagan Dasgupta,Chennai,Flipkart,Laptop,14716.51,Normal
T948,Gautam Shere,Hyderabad,Swiggy,Tablet,17374.5,Normal
T949,Mason Khatri,Mumbai,Uber,Tablet,31576.47,Normal
T950,Lopa Bera,Delhi,Zomato,Laptop,77487.64,Fraud
T951,Ekaraj Mohanty,Hyderabad,Flipkart,Tablet,4034.84,Normal
T952,Max Banik,Mumbai,Uber,Laptop,45980.41,Normal
T953,Madhavi Garde,Pune,Uber,Laptop,7941.38,Normal
T954,Jagrati Mall,Mumbai,Amazon,Mobile,69813.68,Fraud
T955,Bhavani Chander,Jaipur,Paytm,Laptop,83348.2,Fraud
T956,Kritika Roy,Delhi,Amazon,Laptop,3815.55,Normal
T957,Vaishnavi Subramanian,Bangalore,Swiggy,Laptop,58728.74,Fraud
T958,Lila Kala,Jaipur,Paytm,Mobile,83071.85,Fraud
T959,Warda Tata,Chennai,Uber,Mobile,35713.54,Normal
T960,Sudiksha Kara,Hyderabad,Uber,Laptop,58735.18,Fraud
T961,Upma Venkataraman,Jaipur,Paytm,Laptop,12242.54,Normal
T962,Mitesh Taneja,Pune,Flipkart,Tablet,12780.9,Normal
T963,Amruta Garde,Hyderabad,ATM,Mobile,87114.95,Fraud
T964,Yasti Luthra,Delhi,ATM,Tablet,16905.49,Normal
T965,Gabriel Bajaj,Pune,Amazon,Laptop,2294.24,Normal
T966,Abdul Lad,Bangalore,Uber,Laptop,21738.99,Normal
T967,Pahal Maharaj,Bangalore,Amazon,Tablet,77739.4,Fraud
T968,Hemal Borah,Bangalore,Amazon,Tablet,6796.12,Normal
T969,Alexander Chopra,Jaipur,ATM,Laptop,59447.87,Fraud
T970,Rajata Mand,Chennai,Uber,Tablet,68427.56,Fraud
T971,Garima Sanghvi,Chennai,Paytm,Laptop,11910.14,Normal
T972,Umang Nadig,Chennai,ATM,Mobile,53366.03,Fraud
T973,Chakradhar Vohra,Mumbai,ATM,Laptop,34464.43,Normal
T974,Netra Nagi,Delhi,Flipkart,Laptop,20157.1,Normal
T975,Ati Contractor,Pune,Zomato,Laptop,21539.31,Normal
T976,Odika Bhatia,Hyderabad,ATM,Tablet,27961.61,Normal
T977,Nachiket Saxena,Mumbai,Swiggy,Laptop,71432.72,Fraud
T978,Fitan Bhavsar,Mumbai,Paytm,Mobile,8907.46,Normal
T979,Balhaar Bhatia,Delhi,Paytm,Mobile,83985.91,Fraud
T980,Agastya Bansal,Delhi,Paytm,Tablet,60920.33,Fraud
T981,Diya Som,Mumbai,Amazon,Tablet,89873.68,Fraud
T982,Laban Rama,Chennai,Flipkart,Laptop,76348.35,Fraud
T983,Onkar Patil,Bangalore,Paytm,Tablet,62151.87,Fraud
T984,Vritti Nath,Mumbai,Uber,Mobile,89745.44,Fraud
T985,Charles Pandey,Pune,Swiggy,Mobile,12651.98,Normal
T986,Naksh Palan,Pune,Swiggy,Laptop,79078.39,Fraud
T987,Adya Patla,Delhi,Amazon,Laptop,42628.25,Normal
T988,Yug Bhargava,Pune,Amazon,Mobile,77752.25,Fraud
T989,Samaksh Srivastava,Chennai,Zomato,Tablet,51479.97,Fraud
T990,Kevin Srinivas,Pune,Amazon,Laptop,95093.89,Fraud
T991,Fitan Konda,Hyderabad,Paytm,Laptop,52089.94,Fraud
T992,Mason Gandhi,Delhi,Uber,Mobile,57957.49,Fraud
T993,Warinder Wali,Pune,Zomato,Laptop,72140.58,Fraud
T994,Advika Deshpande,Pune,Flipkart,Laptop,9708.19,Normal
T995,Anthony Garg,Delhi,Swiggy,Tablet,44073.94,Normal
T996,Aarush Garg,Chennai,Uber,Mobile,21899.89,Normal
T997,Unnati Borah,Hyderabad,Paytm,Tablet,76000.76,Fraud
T998,Krisha Walla,Chennai,ATM,Tablet,59713.29,Fraud
T999,Sanaya Bose,Jaipur,Uber,Laptop,65914.81,Fraud
T1000,Udyati Kannan,Delhi,ATM,Tablet,1729.98,Normal
